,Unnamed: 0,Name,Place,Type,Price,ReviewsCount,Rating,City,State
0,0,BUNK Hotel Amsterdam,"Amsterdam Noord, Amsterdam",Bunk Pod for 2,"₹ 7,887",778.0,8.4,Amsterdam Noord, Amsterdam
1,1,YOTEL Amsterdam,"Amsterdam Noord, Amsterdam",Premium Double Room,"₹ 15,267",500.0,8.1,Amsterdam Noord, Amsterdam
2,2,Multatuli Hotel,"Amsterdam City Center, Amsterdam",Double Room,"₹ 13,063",1605.0,7.4,Amsterdam City Center, Amsterdam
3,3,nhow Amsterdam Rai,"Zuideramstel, Amsterdam",nhow Double or Twin Room with View,"₹ 12,854",500.0,9.0,Zuideramstel, Amsterdam
4,4,Motel One Amsterdam,"Zuideramstel, Amsterdam",Double Room,"₹ 9,471",500.0,8.8,Zuideramstel, Amsterdam
5,5,INNSiDE by Meliá Amsterdam,"Zuideramstel, Amsterdam",The Innside Guestroom,"₹ 14,123",1264.0,8.4,Zuideramstel, Amsterdam
6,6,Eden Hotel Amsterdam,"Amsterdam City Center, Amsterdam",Small Double Room,"₹ 20,060",500.0,8.3,Amsterdam City Center, Amsterdam
7,7,citizenM Amsterdam South,"Zuideramstel, Amsterdam",King Room,"₹ 14,206",500.0,8.8,Zuideramstel, Amsterdam
8,8,The Alfred Hotel,"Oud Zuid, Amsterdam",Standard Double Room,"₹ 12,655",2069.0,7.3,Oud Zuid, Amsterdam
9,9,Andaz Amsterdam Prinsengracht - a concept by Hyatt,"Amsterdam City Center, Amsterdam",Observatory King,"₹ 45,038",,8.9,Amsterdam City Center, Amsterdam
10,10,Hyatt Regency Amsterdam,"Amsterdam City Center, Amsterdam",Twin Room,"₹ 31,228",500.0,8.5,Amsterdam City Center, Amsterdam
11,11,NH Collection Amsterdam Flower Market,"Amsterdam City Center, Amsterdam",Superior Double or Twin Room,"₹ 29,391",500.0,8.6,Amsterdam City Center, Amsterdam
12,12,ibis Styles Amsterdam Central Station,"Amsterdam City Center, Amsterdam",Small Double Room,"₹ 17,798",500.0,7.9,Amsterdam City Center, Amsterdam
13,13,Leonardo Royal Hotel Amsterdam,"Oost, Amsterdam",Queen Room - Disability Access,"₹ 11,336",500.0,8.5,Oost, Amsterdam
14,14,Rho Hotel,"Amsterdam City Center, Amsterdam",Standard Double or Twin Room,"₹ 18,778",2974.0,8.0,Amsterdam City Center, Amsterdam
15,15,Leonardo Boutique Museumhotel,"Oud Zuid, Amsterdam",Double or Twin Room,"₹ 15,357",500.0,7.9,Oud Zuid, Amsterdam
16,16,Hotel V Nesplein,"Amsterdam City Center, Amsterdam",Comfort Double or Twin Room,"₹ 21,917",1278.0,8.9,Amsterdam City Center, Amsterdam
17,17,"Kimpton De Witt Amsterdam, an IHG Hotel","Amsterdam City Center, Amsterdam",1 Queen or King Bed Essential Room,"₹ 34,617",500.0,8.8,Amsterdam City Center, Amsterdam
18,18,Qbic Hotel WTC Amsterdam,"Zuideramstel, Amsterdam",Standard Double Room - No Window,"₹ 8,083",500.0,7.9,Zuideramstel, Amsterdam
19,19,Hotel Espresso,"Oud West, Amsterdam",Small Double Room,"₹ 12,992",1935.0,7.8,Oud West, Amsterdam
20,20,Hotel Central Park,"Oud Zuid, Amsterdam",Double Room,"₹ 6,794",518.0,6.8,Oud Zuid, Amsterdam
21,21,The White Tulip Hostel,"Amsterdam City Center, Amsterdam",Standard Twin Bunk with Shared Bathroom,"₹ 12,246",2064.0,7.0,Amsterdam City Center, Amsterdam
22,22,Swissôtel Amsterdam,"Amsterdam City Center, Amsterdam",Classic Double Room,"₹ 21,195",1629.0,8.6,Amsterdam City Center, Amsterdam
23,23,"Holiday Inn Express Amsterdam - City Hall, an IHG Hotel","Amsterdam City Center, Amsterdam",Double Room,"₹ 17,308",500.0,8.4,Amsterdam City Center, Amsterdam
24,24,Hotel Atlantis Amsterdam,"Oud Zuid, Amsterdam",Twin Room,"₹ 9,229",1783.0,7.4,Oud Zuid, Amsterdam
25,25,Holiday Home Green Resort Mooi Bemelen-19,Bemelen,Holiday Home,"₹ 20,982",1.0,10.0,Bemelen,
26,26,Holiday Home Green Resort Mooi Bemelen-2,Bemelen,Holiday Home,"₹ 26,534",1.0,9.6,Bemelen,
27,27,Holiday Home Green Resort Mooi Bemelen-12,Bemelen,Holiday Home,"₹ 20,982",2.0,9.0,Bemelen,
28,28,Holiday Home Green Resort Mooi Bemelen-31,Bemelen,Holiday Home,"₹ 20,982",1.0,9.0,Bemelen,
29,29,Holiday Home Green Resort Mooi Bemelen-15,Bemelen,Holiday Home,"₹ 20,982",1.0,9.0,Bemelen,
30,30,Holiday Home Green Resort Mooi Bemelen-10,Bemelen,Holiday Home,"₹ 28,330",1.0,9.0,Bemelen,
31,31,Holiday Home Green Resort Mooi Bemelen-13,Bemelen,Holiday Home,"₹ 28,330",1.0,9.0,Bemelen,
32,32,Holiday Home Green Resort Mooi Bemelen-16,Bemelen,Holiday Home,"₹ 28,330",4.0,8.5,Bemelen,
33,33,Resort Mooi Bemelen,Bemelen,Two-Bedroom House,"₹ 11,838",1155.0,8.1,Bemelen,
34,34,Holiday Home Green Resort Mooi Bemelen-6,Bemelen,Holiday Home,"₹ 20,982",18.0,8.1,Bemelen,
35,35,Holiday Home Green Resort Mooi Bemelen-3,Bemelen,Holiday Home,"₹ 20,982",5.0,8.1,Bemelen,
36,36,Holiday Home Green Resort Mooi Bemelen-17,Bemelen,Holiday Home,"₹ 20,982",18.0,8.1,Bemelen,
37,37,Holiday Home Green Resort Mooi Bemelen-21,Bemelen,Holiday Home,"₹ 20,982",40.0,8.1,Bemelen,
38,38,Holiday Home Green Resort Mooi Bemelen-10,Bemelen,Holiday Home,"₹ 20,982",18.0,8.1,Bemelen,
39,39,Holiday Home Green Resort Mooi Bemelen-4,Bemelen,Holiday Home,"₹ 20,982",1.0,8.0,Bemelen,
40,40,Holiday Home Green Resort Mooi Bemelen-11,Bemelen,Holiday Home,"₹ 20,982",18.0,8.1,Bemelen,
41,41,Holiday Home Green Resort Mooi Bemelen-32,Bemelen,Holiday Home,"₹ 20,982",1.0,8.0,Bemelen,
42,42,Holiday Home Green Resort Mooi Bemelen-33,Bemelen,Holiday Home,"₹ 20,982",1.0,8.0,Bemelen,
43,43,Holiday Home Green Resort Mooi Bemelen-20,Bemelen,Holiday Home,"₹ 20,982",18.0,8.1,Bemelen,
44,44,Holiday Home Green Resort Mooi Bemelen-18,Bemelen,Holiday Home,"₹ 20,982",18.0,8.1,Bemelen,
45,45,Holiday Home Green Resort Mooi Bemelen-14,Bemelen,Holiday Home,"₹ 20,982",18.0,8.1,Bemelen,
46,46,Holiday Home Green Resort Mooi Bemelen-5,Bemelen,Holiday Home,"₹ 26,534",19.0,8.1,Bemelen,
47,47,Holiday Home Green Resort Mooi Bemelen-3,Bemelen,Holiday Home,"₹ 26,534",18.0,8.0,Bemelen,
48,48,Holiday Home Green Resort Mooi Bemelen-7,Bemelen,Holiday Home,"₹ 28,330",3.0,8.0,Bemelen,
49,49,Holiday Home Green Resort Mooi Bemelen-12,Bemelen,Holiday Home,"₹ 28,330",1.0,8.0,Bemelen,
50,50,Anja's House,Breda,Double Room with Shared Bathroom,"₹ 7,136",88.0,9.2,Breda,
51,51,B&B de Druif,Breda,Two-Bedroom Apartment,"₹ 7,887",36.0,9.1,Breda,
52,52,Cottage Markdal,Breda,Two-Bedroom House,"₹ 11,757",500.0,9.2,Breda,
53,53,Cosy Nock ! Little Gem at City Center with Large Terrace !,Breda,One-Bedroom Apartment,"₹ 19,529",125.0,9.4,Breda,
54,54,Boutique Hotel Het Scheepshuys,Breda,Small Double Room with Shared Bathroom,"₹ 6,940",353.0,8.7,Breda,
55,55,B&B de Bievangh,Breda,Double Room with Private Bathroom,"₹ 6,948",131.0,8.5,Breda,
56,56,Hotel Sutor,Breda,Double Room,"₹ 8,287",841.0,8.6,Breda,
57,57,"Hotel Nassau Breda, Autograph Collection",Breda,"Superior, Guest room, 1 King","₹ 10,340",500.0,8.9,Breda,
58,58,Bliss Boutique Hotel,Breda,Suite,"₹ 15,920",424.0,8.9,Breda,
59,59,Golden Tulip Keyser Breda Centre,Breda,Comfort Twin Room,"₹ 8,381",500.0,8.2,Breda,
60,60,Leonardo Hotel Breda City Center,Breda,Deluxe Double or Twin Room,"₹ 9,396",500.0,8.1,Breda,
61,61,Boutique Nouveau Van Ham,Breda,Classic Double Room,"₹ 9,539",1013.0,8.4,Breda,
62,62,Ingenhousz Breda,Breda,Standard Suite,"₹ 10,140",392.0,8.4,Breda,
63,63,Van der Valk Hotel Breda,Breda,Comfort Double Room with Shower,"₹ 11,430",500.0,8.0,Breda,
64,64,Parkhotel Mastbosch Breda,Breda,Standard Twin Room,"₹ 8,187",1136.0,7.7,Breda,
65,65,Stadshotel De Klok,Breda,Standard Twin Room,"₹ 10,973",800.0,7.9,Breda,
66,66,Campanile Hotel & Restaurant Breda,Breda,Double Room,"₹ 6,129",1123.0,7.2,Breda,
67,67,Bastion Hotel Breda,Breda,Comfort Twin Room,"₹ 7,266",500.0,7.4,Breda,
68,68,Novotel Breda,Breda,Superior Double Room with Sofa Bed,"₹ 8,899",1232.0,7.3,Breda,
69,69,Premiere Classe Hotel Breda,Breda,Double Room,"₹ 3,988",709.0,6.5,Breda,
70,70,Hotel Arsenaal Delft,Delft,Double or Twin Room,"₹ 13,267",108.0,9.2,Delft,
71,71,The Student Hotel Delft,Delft,Superior Queen Room,"₹ 6,287",500.0,8.8,Delft,
72,72,WestCord Hotel Delft,Delft,Twin Standard,"₹ 8,743",500.0,8.7,Delft,
73,73,Hotel de Koophandel,Delft,Double Room,"₹ 9,797",1047.0,8.7,Delft,
74,74,Casa Julia,Delft,Deluxe Double Room,"₹ 11,530",1136.0,8.7,Delft,
75,75,Luxurious loft with view walk city center,Delft,One-Bedroom Apartment,"₹ 19,168",61.0,8.6,Delft,
76,76,De Vliegende Vos het geboortehuis van Johannes Vermeer,Delft,Family Suite,"₹ 19,594",347.0,8.8,Delft,
77,77,City Center Penthouse With Balcony Delft,Delft,One-Bedroom Apartment,"₹ 20,535",67.0,8.9,Delft,
78,78,Hotel Grand Canal,Delft,Small Double Room with Canal View,"₹ 7,616",1069.0,8.4,Delft,
79,79,Hampshire Hotel - Delft Centre,Delft,Standard Twin Room,"₹ 8,377",500.0,8.2,Delft,
80,80,Hotel Royal Bridges,Delft, Deluxe double or Twin Room,"₹ 8,817",500.0,8.3,Delft,
81,81,Hotel de Plataan Delft Centrum,Delft,Basic Double Room,"₹ 9,389",500.0,8.1,Delft,
82,82,Buitengoed De Uylenburg,Delft,Double Room,"₹ 9,797",489.0,8.3,Delft,
83,83,ibis Styles Delft City Centre,Delft,Standard Double Room with City View,"₹ 10,001",526.0,8.1,Delft,
84,84,Hotel Johannes Vermeer Delft,Delft,Deluxe Double Room,"₹ 10,716",1562.0,8.3,Delft,
85,85,Lux Loft Apt View Walk city center,Delft,One-Bedroom Apartment,"₹ 24,046",14.0,8.1,Delft,
86,86,Shanghai Hotel Holland,Delft,Double Room,"₹ 7,023",1583.0,7.6,Delft,
87,87,Best Western Museumhotels Delft,Delft,Standard Twin Room,"₹ 7,722",662.0,7.9,Delft,
88,88,Hotel Bridges House Delft,Delft,Deluxe Double Room with Shower,"₹ 8,397",2171.0,7.9,Delft,
89,89,Campanile Hotel & Restaurant Delft,Delft,Double Room,"₹ 5,515",1943.0,7.1,Delft,
90,90,Uylenhof Hotel,Den Bosch,Double Room,"₹ 12,165",677.0,9.2,Den Bosch,
91,91,Boutique Hotel De Blauwe Pauw,Den Bosch,Superior Twin Room,"₹ 12,655",549.0,9.4,Den Bosch,
92,92,Bossche Suites Stationsweg,Den Bosch,Standard King Room,"₹ 14,500",582.0,9.4,Den Bosch,
93,93,Bossche Suites No2 - Verwersstraat,Den Bosch,Studio,"₹ 19,594",249.0,9.3,Den Bosch,
94,94,CubaCasa,Den Bosch,Deluxe Double Room with Balcony,"₹ 8,940",252.0,8.6,Den Bosch,
95,95,Hotel The Stamp,Den Bosch,Superior Double Room,"₹ 9,699",891.0,8.7,Den Bosch,
96,96,Maison BON Apartments,Den Bosch,Two-Bedroom Apartment,"₹ 11,922",261.0,8.9,Den Bosch,
97,97,The Duke Boutique Apartments,Den Bosch,One-Bedroom Apartment,"₹ 11,250",500.0,8.5,Den Bosch,
98,98,Boutique hotel Jeroen,Den Bosch,Small Double Room,"₹ 12,221",95.0,8.5,Den Bosch,
99,99,The Duke Boutique Hotel,Den Bosch,Comfort Double Room,"₹ 11,499",500.0,8.6,Den Bosch,
100,100,Hotel 't Keershuys,Den Bosch,Double Room,"₹ 12,022",1143.0,8.9,Den Bosch,
101,101,KASerne Boutique Hotel,Den Bosch,Deluxe Double Room,"₹ 14,108",64.0,8.7,Den Bosch,
102,102,Kloosterhotel de Soete Moeder,Den Bosch,Comfort Double or Twin Room with Private Bathroom,"₹ 9,013",964.0,8.3,Den Bosch,
103,103,"The Den, 's-Hertogenbosch, a Tribute Portfolio Hotel",Den Bosch,Deluxe Twin Room,"₹ 8,952",166.0,8.3,Den Bosch,
104,104,Landgoed Huize Bergen Den Bosch - Vught,Den Bosch,Double Room,"₹ 10,238",500.0,8.0,Den Bosch,
105,105,Best Western Plus City Centre Hotel Den Bosch,Den Bosch,Comfort Twin Room,"₹ 11,922",500.0,8.4,Den Bosch,
106,106,Tussen Gracht en SintJan,Den Bosch,Studio,"₹ 14,614",158.0,8.0,Den Bosch,
107,107,Mövenpick Hotel 's Hertogenbosch,Den Bosch,Classic King Room,"₹ 10,948",500.0,7.7,Den Bosch,
108,108,Van der Valk Hotel 's-Hertogenbosch – Vught,Den Bosch,Triple Room,"₹ 11,838",500.0,7.9,Den Bosch,
109,109,Mely's House,Den Bosch,Deluxe Double Room (2 Adults + 1 Child),"₹ 6,531",4.0,7.0,Den Bosch,
110,110,Little Duke Hotel,Den Bosch,Deluxe Double Room with Balcony,"₹ 11,023",500.0,7.4,Den Bosch,
111,111,Fletcher Hotel-Restaurant ‘s-Hertogenbosch,Den Bosch,Standard Double Room,"₹ 6,450",996.0,6.5,Den Bosch,
112,112,Campanile Hotel & Restaurant 's Hertogenbosch,Den Bosch,Double Room,"₹ 6,577",983.0,6.6,Den Bosch,
113,113,"Hof, a luxury B&B in the center of Eindhoven","Strijp, Eindhoven",Deluxe Suite,"₹ 13,145",500.0,9.7,Strijp, Eindhoven
114,114,Eindhoven4you,"Strijp, Eindhoven",Twin Room with Bathroom,"₹ 5,108",234.0,9.1,Strijp, Eindhoven
115,115,Kazerne,"Eindhoven City Centre, Eindhoven",Deluxe King Room,"₹ 20,941",63.0,9.1,Eindhoven City Centre, Eindhoven
116,116,cafe 't Vonderke,"Strijp, Eindhoven",Deluxe Double or Twin Room,"₹ 5,713",283.0,8.7,Strijp, Eindhoven
117,117,Queen Hotel,"Eindhoven City Centre, Eindhoven",King Room,"₹ 6,127",3075.0,8.8,Eindhoven City Centre, Eindhoven
118,118,Hotel Parkzicht Eindhoven,"Stratum, Eindhoven",Comfort Double Room,"₹ 6,234",500.0,8.6,Stratum, Eindhoven
119,119,The Student Hotel Eindhoven,"Eindhoven City Centre, Eindhoven",Standard Queen Room,"₹ 6,287",500.0,8.8,Eindhoven City Centre, Eindhoven
120,120,Hotel the Match,"Eindhoven City Centre, Eindhoven",Standard Double Room,"₹ 6,450",4566.0,8.7,Eindhoven City Centre, Eindhoven
121,121,Design Hotel Glow,"Eindhoven City Centre, Eindhoven",Deluxe Twin Room,"₹ 6,692",1375.0,8.5,Eindhoven City Centre, Eindhoven
122,122,Hotel Mariënhage,"Eindhoven City Centre, Eindhoven",Monastery Mystery,"₹ 9,169",2480.0,8.6,Eindhoven City Centre, Eindhoven
123,123,Hotel Piet Hein Eek,"Strijp, Eindhoven",Small Double Room,"₹ 10,546",33.0,8.7,Strijp, Eindhoven
124,124,Pullman Eindhoven Cocagne,"Eindhoven City Centre, Eindhoven",Superior Twin Room,"₹ 12,818",500.0,8.7,Eindhoven City Centre, Eindhoven
125,125,NH Collection Eindhoven Centre,"Eindhoven City Centre, Eindhoven",Superior Twin/Double Room ,"₹ 13,634",500.0,8.7,Eindhoven City Centre, Eindhoven
126,126,Hotel La Reine,"Eindhoven City Centre, Eindhoven",Standard Twin Room,"₹ 5,633",1672.0,8.3,Eindhoven City Centre, Eindhoven
127,127,Winston B&B,"Eindhoven City Centre, Eindhoven",Double Room with Shared Bathroom,"₹ 5,715",785.0,8.2,Eindhoven City Centre, Eindhoven
128,128,3BE Backpackers Bed & Breakfast Eindhoven,"Eindhoven City Centre, Eindhoven",Single Bed in 14-Bed Dormitory Room,"₹ 6,035",805.0,8.0,Eindhoven City Centre, Eindhoven
129,129,Bastion Hotel Eindhoven Waalre,Eindhoven,Deluxe King Room,"₹ 6,205",500.0,8.1,Eindhoven,
130,130,B&B Landgoed De Grote Beek,"Woensel-Zuid, Eindhoven",Double Room,"₹ 6,384",1684.0,8.4,Woensel-Zuid, Eindhoven
131,131,Crown Hotel Eindhoven Centre,"Eindhoven City Centre, Eindhoven",Comfort Double Room,"₹ 6,632",500.0,8.0,Eindhoven City Centre, Eindhoven
132,132,Tulip Inn Eindhoven Airport,"Strijp, Eindhoven",Standard Twin Room,"₹ 6,692",500.0,8.0,Strijp, Eindhoven
133,133,Boutiquehotel Sycamore - Protected City View - Free Parking,"Tongelre, Eindhoven",Double Room with Private Bathroom,"₹ 6,910",500.0,8.4,Tongelre, Eindhoven
134,134,Boutique Hotel Lumiere,"Eindhoven City Centre, Eindhoven",Comfort Room without Daylight,"₹ 8,135",2915.0,8.4,Eindhoven City Centre, Eindhoven
135,135,Hotel Nassau,"Eindhoven City Centre, Eindhoven",Double Room,"₹ 8,262",914.0,8.1,Eindhoven City Centre, Eindhoven
136,136,"Holiday Inn Eindhoven Centre, an IHG Hotel","Eindhoven City Centre, Eindhoven",Standard Double or Twin Room,"₹ 8,952",500.0,8.4,Eindhoven City Centre, Eindhoven
137,137,Park Plaza Eindhoven,"Eindhoven City Centre, Eindhoven",Superior Double Room,"₹ 9,405",500.0,8.0,Eindhoven City Centre, Eindhoven
138,138,B&B Molenstreek,Groningen,Deluxe King Room,"₹ 8,083",500.0,9.5,Groningen,
139,139,Byonz,Groningen,Two-Bedroom House,"₹ 30,943",58.0,9.8,Groningen,
140,140,The Hogg House - a city delight for two,Groningen,One-Bedroom Apartment,"₹ 10,205",4.0,9.0,Groningen,
141,141,Hakuna Matata - 4p apartment Groningen Center,Groningen,One-Bedroom Apartment,"₹ 11,430",9.0,9.3,Groningen,
142,142,The Market Hotel,Groningen,Double Room,"₹ 12,736",500.0,9.1,Groningen,
143,143,Prinsenhof,Groningen,Superior Double Room,"₹ 14,451",1281.0,9.2,Groningen,
144,144,Pied à Terre Oostersingel UMCG,Groningen,One-Bedroom Apartment,"₹ 7,552",500.0,8.7,Groningen,
145,145,The Happy Traveler - Guesthouse Groningen,Groningen,Budget Double Room,"₹ 7,838",824.0,8.5,Groningen,
146,146,Hotel Miss Blanche,Groningen,Standard Double Room,"₹ 9,716",1292.0,8.8,Groningen,
147,147,Cosy Aquarium for a couple or friends,Groningen,One-Bedroom Apartment,"₹ 10,205",2.0,8.5,Groningen,
148,148,Asgard Hotel,Groningen,Double Room,"₹ 10,238",654.0,8.5,Groningen,
149,149,Van der Valk Hotel Groningen-Hoogkerk,Groningen,Standard Room,"₹ 10,695",500.0,8.7,Groningen,
150,150,Monumentaal vintage appartement,Groningen,Three-Bedroom Apartment,"₹ 11,267",80.0,8.5,Groningen,
151,151,Hotel Corps de Garde,Groningen,Comfort Room,"₹ 12,573",717.0,8.9,Groningen,
152,152,Bed & Breakfast De Barrels,Groningen,Deluxe Apartment,"₹ 15,614",181.0,8.7,Groningen,
153,153,Best Western Apartments Groningen Centre,Groningen,Apartment (6 Adults),"₹ 16,737",500.0,8.6,Groningen,
154,154,"Eco-Camping De Helleborus, Yurt, Bell & Safari tent, Pipo, Caravans, Dorms and Units",Groningen,Tent (2 Adults) Tiny T. ,"₹ 4,389",111.0,8.2,Groningen,
155,155,The Student Hotel Groningen,Groningen,Standard Queen Room,"₹ 6,458",500.0,8.4,Groningen,
156,156,Best Western Hotel Groningen Centre,Groningen,Standard Twin Room,"₹ 7,564",500.0,8.2,Groningen,
157,157,Best Western Plus Hotel Groningen Plaza,Groningen,Twin Room,"₹ 7,715",2590.0,8.0,Groningen,
158,158,City Hotel Groningen,Groningen,City Double or Twin Room,"₹ 8,156",500.0,8.2,Groningen,
159,159,The Jungle - duo studio with kingsize terrace,Groningen,One-Bedroom Apartment,"₹ 10,205",2.0,8.0,Groningen,
160,160,Neon Nights Studio,Groningen,One-Bedroom Apartment,"₹ 10,205",4.0,8.3,Groningen,
161,161,Boutique Hotel De Doelen,Groningen,Standard Double or Twin Room,"₹ 10,483",1859.0,8.2,Groningen,
162,162,Cessinas,Groningen,Double Room with Private Bathroom,"₹ 5,364",110.0,8.0,Groningen,
163,163,MAF Haarlem Boutique Hotel,Haarlem,Queen Room,"₹ 11,678",144.0,9.0,Haarlem,
164,164,B&B Het Hart van Haarlem,Haarlem,Deluxe Studio with Kitchen,"₹ 13,471",606.0,9.2,Haarlem,
165,165,Cavallaro Hotel,Haarlem,Deluxe Room,"₹ 16,676",31.0,9.1,Haarlem,
166,166,Haarlem zuid,Haarlem,One-Bedroom Apartment,"₹ 17,451",6.0,9.2,Haarlem,
167,167,Boutique Hotel 't Vosje,Haarlem,Superior Suite,"₹ 18,860",431.0,9.0,Haarlem,
168,168,the niu Dairy,Haarlem,Standard Double or Twin Room,"₹ 8,454",500.0,8.5,Haarlem,
169,169,Van der Valk Hotel Haarlem,Haarlem,Comfort Double Room,"₹ 9,148",500.0,8.6,Haarlem,
170,170,Hotel ML,Haarlem,Comfort Room,"₹ 10,614",883.0,8.6,Haarlem,
171,171,Haarlem 49,Haarlem,Twin Room with Private Bathroom,"₹ 10,781",144.0,8.6,Haarlem,
172,172,Hotel Lion D'Or,Haarlem,Classic Double or Twin Room,"₹ 10,781",2352.0,8.6,Haarlem,
173,173,Hôtel Frenchie,Haarlem,Deluxe Room,"₹ 13,185",172.0,8.9,Haarlem,
174,174,Boutiquehotel Staats,Haarlem,Deluxe Room,"₹ 13,798",713.0,8.9,Haarlem,
175,175,Brasss Hotel Suites,Haarlem,Junior Suite Amazon,"₹ 15,399",922.0,8.9,Haarlem,
176,176,Haarlem Hotel Suites,Haarlem,Suite Kleine Hout 4,"₹ 15,842",522.0,8.8,Haarlem,
177,177,Hotel De Zoete Inval Haarlemmerliede,Haarlem,Comfort Twin Room,"₹ 7,950",500.0,8.4,Haarlem,
178,178,Anegang Boutique Hotel,Haarlem,Economy Twin Room,"₹ 8,817",229.0,8.3,Haarlem,
179,179,Carlton Square Hotel,Haarlem,Standard Double or Twin Room,"₹ 10,287",1052.0,8.3,Haarlem,
180,180,The Guestroom - B&B,Haarlem,Queen Studio,"₹ 10,859",267.0,8.4,Haarlem,
181,181,Amrâth Grand Hotel Frans Hals,Haarlem,Deluxe Twin Room,"₹ 11,882",1730.0,8.0,Haarlem,
182,182,Haarlem Apart Hotel,Haarlem,Quadruple Room with Private Bathroom,"₹ 20,554",154.0,8.3,Haarlem,
183,183,Stayokay Hostel Haarlem,Haarlem,Bed in 6-Bed Mixed Dorm with Shower,"₹ 5,408",500.0,7.7,Haarlem,
184,184,Amadeus Hotel,Haarlem,Budget Double Room,"₹ 6,515",1281.0,7.7,Haarlem,
185,185,Ambassador City Centre Hotel,Haarlem,Comfort Room,"₹ 9,005",807.0,7.7,Haarlem,
186,186,Bed and Breakfast Haarlem 1001 Nacht,Haarlem,Luxury Quadruple Room,"₹ 12,487",748.0,7.8,Haarlem,
187,187,Hotel Carillon,Haarlem,Double Room with Shower,"₹ 7,368",542.0,5.5,Haarlem,
188,188,Hotel Bries Den Haag - Scheveningen,The Hague,Standard Suite,"₹ 10,568",303.0,9.0,The Hague,
189,189,COVE Centrum,"The Hague City Centre, The Hague",Studio Apartments,"₹ 10,454",451.0,9.0,The Hague City Centre, The Hague
190,190,La Paulowna Boutique Hotel,"The Hague City Centre, The Hague",Standard King Room,"₹ 11,642",500.0,9.3,The Hague City Centre, The Hague
191,191,Hotel Pistache Den Haag,"The Hague City Centre, The Hague",Standard Suite,"₹ 12,093",365.0,9.1,The Hague City Centre, The Hague
192,192,Boutique Hotel Havenkantoor,"Laak, The Hague",One-Bedroom Apartment,"₹ 13,182",7.0,9.1,Laak, The Hague
193,193,The Collector Hotel,"The Hague City Centre, The Hague",The Cabinet <double standard>,"₹ 13,745",3136.0,9.2,The Hague City Centre, The Hague
194,194,'t Goude Hooft,"The Hague City Centre, The Hague",Deluxe Suite,"₹ 19,536",375.0,9.0,The Hague City Centre, The Hague
195,195,Stadsvilla Hotel Mozaic Den Haag,"The Hague City Centre, The Hague",Deluxe Double Room,"₹ 10,989",1299.0,8.9,The Hague City Centre, The Hague
196,196,Boutique Hotel First City,"The Hague City Centre, The Hague",Deluxe Double Room,"₹ 11,348",887.0,8.8,The Hague City Centre, The Hague
197,197,"voco The Hague, an IHG Hotel","The Hague City Centre, The Hague",Queen Room with Atrium View,"₹ 11,728",500.0,8.7,The Hague City Centre, The Hague
198,198,Boutique Hotel De Salon,"The Hague City Centre, The Hague",Superior King Room,"₹ 11,943",1018.0,8.8,The Hague City Centre, The Hague
199,199,Carlton Ambassador,"The Hague City Centre, The Hague",Standard Double Room,"₹ 12,332",500.0,8.5,The Hague City Centre, The Hague
200,200,Babylon Hotel Den Haag,"Haagse Hout, The Hague",Standard Twin Room,"₹ 12,462",500.0,8.5,Haagse Hout, The Hague
201,201,The Sunny Suite - R.Q.C.,"The Hague City Centre, The Hague",One-Bedroom Apartment,"₹ 12,981",46.0,8.8,The Hague City Centre, The Hague
202,202,Boutique Hotel Corona,"The Hague City Centre, The Hague",Comfort Room City View,"₹ 13,858",3337.0,8.5,The Hague City Centre, The Hague
203,203,"Hotel Indigo The Hague - Palace Noordeinde, an IHG Hotel","The Hague City Centre, The Hague",Standard Room,"₹ 13,961",500.0,8.8,The Hague City Centre, The Hague
204,204,Hotel Excelsior,The Hague,Standard Triple Room,"₹ 14,288",293.0,8.9,The Hague,
205,205,"Staybridge Suites The Hague - Parliament, an IHG Hotel","The Hague City Centre, The Hague",Studio Suite Queen Bed,"₹ 15,839",500.0,8.7,The Hague City Centre, The Hague
206,206,Mövenpick Hotel The Hague,"The Hague City Centre, The Hague",Classic King Room,"₹ 16,827",1000.0,8.9,The Hague City Centre, The Hague
207,207,Hotel Broer & Zus,"The Hague City Centre, The Hague",Two-Bedroom Suite,"₹ 18,811",16.0,8.5,The Hague City Centre, The Hague
208,208,The Student Hotel The Hague,"The Hague City Centre, The Hague",Executive Queen Room,"₹ 5,704",500.0,8.3,The Hague City Centre, The Hague
209,209,En Suite,"Segbroek, The Hague",Double Room,"₹ 6,422",455.0,8.0,Segbroek, The Hague
210,210,Staten Hotel,The Hague,Double or Twin Room,"₹ 7,756",484.0,8.2,The Hague,
211,211,Riva hotel Den Haag - Delft,The Hague,Standard Double Room,"₹ 8,112",2125.0,8.4,The Hague,
212,212,Park Centraal Den Haag,"The Hague City Centre, The Hague",Comfort Double,"₹ 8,838",500.0,8.3,The Hague City Centre, The Hague
213,213,NinetyNine Amsterdam Airport,Hoofddorp,Double Room,"₹ 8,377",751.0,8.5,Hoofddorp,
214,214,Executive Residency by Best Western Amsterdam Airport,Hoofddorp,Comfort Double Room with Kitchenette,"₹ 9,103",994.0,8.5,Hoofddorp,
215,215,Novotel Amsterdam Schiphol Airport,Hoofddorp,Standard Room with Double Bed and One Sofa Bed,"₹ 11,022",500.0,8.5,Hoofddorp,
216,216,Hyatt Place Amsterdam Airport,Hoofddorp,King Room,"₹ 11,173",500.0,8.5,Hoofddorp,
217,217,Maxhotel Amsterdam Airport Schiphol,Hoofddorp,Small Double Room,"₹ 6,776",500.0,8.0,Hoofddorp,
218,218,IntercityHotel Amsterdam Airport,Hoofddorp,Double Room,"₹ 8,243",40.0,8.4,Hoofddorp,
219,219,Moxy Amsterdam Schiphol Airport,Hoofddorp,MOXY Sleeper Queen,"₹ 8,736",349.0,8.3,Hoofddorp,
220,220,The Florian Amsterdam Airport,Hoofddorp,Double Room,"₹ 8,744",500.0,8.4,Hoofddorp,
221,221,NH Amsterdam Schiphol Airport,Hoofddorp,Standard Double or Twin Room,"₹ 9,062",500.0,8.4,Hoofddorp,
222,222,Hampton by Hilton Amsterdam Airport Schiphol,Hoofddorp,Double Room,"₹ 9,438",2683.0,8.0,Hoofddorp,
223,223,Courtyard by Marriott Amsterdam Airport,Hoofddorp,Standard Queen Room with Two Queen Beds,"₹ 10,581",754.0,8.1,Hoofddorp,
224,224,Van der Valk Hotel A4 Schiphol,Hoofddorp,Superior Twin Room,"₹ 10,869",3753.0,8.3,Hoofddorp,
225,225,Wim's Place Amsterdam Airport / Hoofddorp,Hoofddorp,Deluxe Double Room (2 Adults + 1 Child),"₹ 38,780",500.0,8.2,Hoofddorp,
226,226,Floriande Bed & Breakfast,Hoofddorp,Deluxe Room,"₹ 6,123",138.0,7.6,Hoofddorp,
227,227,Bastion Hotel Amsterdam Airport,Hoofddorp,Deluxe Twin Room,"₹ 8,083",500.0,7.6,Hoofddorp,
228,228,"Holiday Inn Express Amsterdam - Schiphol, an IHG Hotel",Hoofddorp,Standard Double or Twin,"₹ 10,214",1842.0,7.8,Hoofddorp,
229,229,Hotel De Beurs,Hoofddorp,Business Double Room,"₹ 11,430",557.0,7.7,Hoofddorp,
230,230,Best Western Plus Amsterdam Airport Hotel,Hoofddorp,Deluxe Twin Room,"₹ 7,674",500.0,7.1,Hoofddorp,
231,231,Bastion Hotel Schiphol Hoofddorp,Hoofddorp,Comfort Twin Room,"₹ 6,858",500.0,6.9,Hoofddorp,
232,232,Cosy Cityhouse Leeuwarden,Leeuwarden,One-Bedroom House,"₹ 10,189",142.0,9.1,Leeuwarden,
233,233,B&B De Olde Signorie,Leeuwarden,Triple Room,"₹ 13,498",500.0,9.4,Leeuwarden,
234,234,Post-Plaza Hotel & Grand Café,Leeuwarden,Comfort Twin Room,"₹ 8,465",2474.0,8.8,Leeuwarden,
235,235,Van der Valk Hotel Leeuwarden,Leeuwarden,Deluxe Twin Room,"₹ 9,148",1039.0,8.9,Leeuwarden,
236,236,Stadslogies in Leeuwarden,Leeuwarden,Deluxe Double Studio,"₹ 9,389",375.0,8.7,Leeuwarden,
237,237,B&B De Dream,Leeuwarden,Deluxe Single Room,"₹ 11,913",500.0,8.9,Leeuwarden,
238,238,Guesthouse De Kleyne Sint Jacob,Leeuwarden,Double Room with Terrace,"₹ 6,662",40.0,8.3,Leeuwarden,
239,239,WestCord WTC Hotel Leeuwarden,Leeuwarden,Comfort Room,"₹ 8,144",500.0,8.3,Leeuwarden,
240,240,Oranje Hotel Leeuwarden,Leeuwarden,Standard Room,"₹ 8,337",1725.0,8.4,Leeuwarden,
241,241,Hotel & Restaurant Weidumerhout,Leeuwarden,Superior Double Room with Shower / Bath,"₹ 9,797",500.0,8.3,Leeuwarden,
242,242,Boutique hotel WKNDS,Leeuwarden,Deluxe Twin Room,"₹ 9,915",482.0,8.1,Leeuwarden,
243,243,In de Brouwerij,Leeuwarden,Superior Double Room,"₹ 10,610",264.0,8.4,Leeuwarden,
244,244,City Penthouse Mademoiselle Anna Louise,Leeuwarden,Penthouse Apartment,"₹ 11,639",500.0,8.4,Leeuwarden,
245,245,City House Grande Madame Agaath,Leeuwarden,Deluxe Two-Bedroom Apartment,"₹ 13,332",500.0,8.0,Leeuwarden,
246,246,Bastion Hotel Leeuwarden,Leeuwarden,Comfort Twin Room,"₹ 7,266",500.0,7.6,Leeuwarden,
247,247,City Boutique Ster Logies Leeuwarden De Roos,Leeuwarden,Small Comfort Twin Room,"₹ 7,759",500.0,7.6,Leeuwarden,
248,248,Eurohotel,Leeuwarden,Standard Double Room,"₹ 8,426",2662.0,7.5,Leeuwarden,
249,249,Fletcher Hotel Paleis Stadhouderlijk Hof,Leeuwarden,Comfort Double Room with Shower,"₹ 10,532",2394.0,7.4,Leeuwarden,
250,250,Studio in the city center of Leeuwarden,Leeuwarden,One-Bedroom Apartment,"₹ 4,303",71.0,6.7,Leeuwarden,
251,251,Op de woonboot in Leeuwarden!,Leeuwarden,Two-Bedroom House,"₹ 7,215",,,Leeuwarden,
252,252,Dormio Resort Maastricht Castellum Apartments,Maastricht,One-Bedroom Apartment,"₹ 18,533",3.0,9.7,Maastricht,
253,253,BEAUMONT Maastricht,"Wijck, Maastricht",New Deluxe Room,"₹ 31,677",948.0,8.5,Wijck, Maastricht
254,254,Bourgogne Suite Maastricht,"Wijck, Maastricht",Deluxe Double Room superior,"₹ 34,428",500.0,8.9,Wijck, Maastricht
255,255,The Green Elephant Hostel & Spa,"Wijck, Maastricht",Private Pod in Mixed Dormitory Room,"₹ 11,806",1864.0,8.4,Wijck, Maastricht
256,256,Stayokay Hostel Maastricht,"Jekerkwartier, Maastricht",6 Person Room with Private Bathroom and Shower,"₹ 14,696",500.0,8.3,Jekerkwartier, Maastricht
257,257,Dormio Resort Maastricht Apartments,Maastricht,Comfort One-Bedroom Apartment,"₹ 15,443",967.0,8.4,Maastricht,
258,258,Dormio Hotel De Prins van Oranje,Maastricht,Deluxe Twin Room,"₹ 18,459",1149.0,8.3,Maastricht,
259,259,Dormio Resort Maastricht,Maastricht,Comfort Two-Bedroom House,"₹ 20,569",715.0,8.2,Maastricht,
260,260,Townhouse Apartments,"Wijck, Maastricht",Large Studio Apartment,"₹ 22,048",500.0,8.1,Wijck, Maastricht
261,261,Kaboom Hotel Maastricht,"Wijck, Maastricht",Comfort Quadruple Room,"₹ 22,725",3193.0,8.1,Wijck, Maastricht
262,262,easyHotel Maastricht City Centre,"Maastricht City Centre, Maastricht",Triple Room,"₹ 24,819",3576.0,8.0,Maastricht City Centre, Maastricht
263,263,"city Apartment ""Op de Thermen""","Maastricht City Centre, Maastricht",Two-Bedroom Apartment,"₹ 30,616",98.0,8.2,Maastricht City Centre, Maastricht
264,264,Hotel Monastère Maastricht,"Boschstraatkwartier, Maastricht",Twin Room,"₹ 32,443",3772.0,8.0,Boschstraatkwartier, Maastricht
265,265,Townhouse Design Hotel & Spa,"Wijck, Maastricht",Large Double Room,"₹ 23,440",2655.0,7.9,Wijck, Maastricht
266,266,Bastion Hotel Maastricht Centrum,"Boschstraatkwartier, Maastricht",Deluxe King Room,"₹ 25,228",500.0,7.5,Boschstraatkwartier, Maastricht
267,267,Derlon Hotel Maastricht,"Maastricht City Centre, Maastricht",Deluxe Twin or Double Room,"₹ 33,970",1223.0,7.9,Maastricht City Centre, Maastricht
268,268,NH Maastricht,"Randwijck, Maastricht",Standard Double or Twin Room,"₹ 52,252",500.0,7.9,Randwijck, Maastricht
269,269,"Crowne Plaza Maastricht, an IHG Hotel","Wijck, Maastricht",Executive King Room,"₹ 53,439",2510.0,7.6,Wijck, Maastricht
270,270,Botel Maastricht,"Jekerkwartier, Maastricht",Family Room (6 Adults) with Shared Shower and Toilet,"₹ 30,534",1342.0,6.7,Jekerkwartier, Maastricht
271,271,Bed & Breakfast Adrichem en Scherpenseel,Middelburg,Forsyth,"₹ 10,385",232.0,9.2,Middelburg,
272,272,B&B Montancourt-Middelburg,Middelburg,Twin Room,"₹ 10,614",372.0,9.0,Middelburg,
273,273,Logement 't Oude Bierhuys,Middelburg,Double Room,"₹ 11,022",817.0,9.1,Middelburg,
274,274,Logies aan de Dam,Middelburg,Deluxe Room,"₹ 11,430",3.0,9.3,Middelburg,
275,275,B&B 't Poorthuys,Middelburg,Junior Suite,"₹ 11,512",651.0,9.4,Middelburg,
276,276,Budget Hotel Le Beau Rivage,Middelburg,Small Double Room with Shower ,"₹ 12,165",394.0,9.3,Middelburg,
277,277,Hotel Le Beau Rivage,Middelburg,Superior Double Room,"₹ 15,920",278.0,9.2,Middelburg,
278,278,Boutique Hotel De Vier Patriciërs,Middelburg,Deluxe Room,"₹ 20,329",192.0,9.3,Middelburg,
279,279,Hotel Bruno,Middelburg,Budget Twin Room,"₹ 6,940",528.0,8.6,Middelburg,
280,280,Studio 82 b,Middelburg,One-Bedroom Apartment,"₹ 7,095",51.0,8.5,Middelburg,
281,281,Studio 82 a,Middelburg,One-Bedroom Apartment,"₹ 8,487",64.0,8.5,Middelburg,
282,282,Cleen Rochelle,Middelburg,Deluxe Studio,"₹ 8,899",78.0,8.5,Middelburg,
283,283,Stadsstudio 't Stadshuys in hartje Middelburg,Middelburg,One-Bedroom Apartment,"₹ 9,552",5.0,8.6,Middelburg,
284,284,Logement de Spaerpot,Middelburg,Double Room with Private Bathroom,"₹ 9,797",164.0,8.9,Middelburg,
285,285,Loskade 45,Middelburg,Deluxe Double Room with Balcony,"₹ 12,165",1050.0,8.9,Middelburg,
286,286,ApartHotel Waepen van Middelburg,Middelburg,Deluxe King Studio,"₹ 12,246",500.0,8.9,Middelburg,
287,287,bednextdoor,Middelburg,Deluxe Double Studio,"₹ 12,246",234.0,8.8,Middelburg,
288,288,Van der Valk Hotel Middelburg,Middelburg,Standard Twin Room,"₹ 14,206",1315.0,8.8,Middelburg,
289,289,Hotel Brasserie de Huifkar,Middelburg,Double Room with City View,"₹ 10,032",326.0,8.1,Middelburg,
290,290,De Kaepstander,Middelburg,Double Room with Private Bathroom,"₹ 12,002",281.0,8.4,Middelburg,
291,291,Hotel en privé-wellness De Nieuwe Doelen,Middelburg,Superior Double Room,"₹ 13,879",1312.0,8.2,Middelburg,
292,292,Hotel Middelburg,Middelburg,Twin Room,"₹ 10,894",1240.0,7.7,Middelburg,
293,293,Fletcher Hotel-Restaurant Middelburg,Middelburg,Small Double Room,"₹ 12,165",947.0,7.2,Middelburg,
294,294,Fletcher Hotel-Restaurant Arneville-Middelburg,Middelburg,Double Room,"₹ 12,981",500.0,7.3,Middelburg,
295,295,Verrassende Loft BNB centrum Middelburg,Middelburg,Three-Bedroom Apartment,"₹ 17,250",1.0,5.0,Middelburg,
296,296,Hotel Oranjestaete,Nijmegen,Studio - Souterrain,"₹ 9,797",1021.0,9.2,Nijmegen,
297,297,Hotel Sleep-Inn Box 5,Nijmegen,Double Room,"₹ 12,246",520.0,9.2,Nijmegen,
298,298,Boutique Hotel Straelman,Nijmegen,Double Room,"₹ 13,798",324.0,9.4,Nijmegen,
299,299,B&B Stadsoase Nijmegen,Nijmegen,Two-Bedroom House,"₹ 24,493",42.0,9.3,Nijmegen,
300,300,Van der Valk Hotel Nijmegen-Lent,Nijmegen,Standard Double Room,"₹ 10,042",500.0,8.8,Nijmegen,
301,301,Blue Inspired by Manna,Nijmegen,Small Double Room,"₹ 11,348",1081.0,8.7,Nijmegen,
302,302,Manna,Nijmegen,Studio S Charity,"₹ 12,165",388.0,8.7,Nijmegen,
303,303,B&B Appartementen Smedery,Nijmegen,Deluxe Apartment,"₹ 12,246",57.0,8.6,Nijmegen,
304,304,Studio RoSa,Nijmegen,Studio Apartment,"₹ 7,330",86.0,8.3,Nijmegen,
305,305,Van der Valk Cuijk - Nijmegen,Nijmegen,Comfort Room,"₹ 7,960",500.0,8.1,Nijmegen,
306,306,Mercure Hotel Nijmegen Centre,Nijmegen,Standard Double Room,"₹ 9,307",1343.0,8.2,Nijmegen,
307,307,Hotel Credible,Nijmegen,Budget Double Room,"₹ 13,496",935.0,8.4,Nijmegen,
308,308,Sanadome Nijmegen,Nijmegen,Deluxe Double or Twin Room with Spa Access,"₹ 15,920",725.0,8.0,Nijmegen,
309,309,Bastion Hotel Nijmegen,Nijmegen,Deluxe King Room,"₹ 8,491",500.0,7.8,Nijmegen,
310,310,Hotel Courage Waalkade,Nijmegen,Standard Room with Park View,"₹ 8,654",1467.0,7.7,Nijmegen,
311,311,Hotel Pauw,Nijmegen,Budget Twin Room,"₹ 9,879",368.0,7.8,Nijmegen,
312,312,Hotel de Prince,Nijmegen,Premium Double Room,"₹ 10,668",500.0,7.8,Nijmegen,
313,313,Hotel De Gulden Waagen,Nijmegen,Double Room,"₹ 19,594",500.0,7.8,Nijmegen,
314,314,De Hemel De Kracht van Ambacht,Nijmegen,Junior Suite,"₹ 8,328",94.0,7.0,Nijmegen,
315,315,Apollo Hotel,Nijmegen,Twin Room,"₹ 8,981",1172.0,7.4,Nijmegen,
316,316,B&B N10,Roermond,Deluxe King Room,"₹ 11,348",500.0,9.6,Roermond,
317,317,De Pastorie Bed & Breakfast,Roermond,Twin Room,"₹ 8,550",923.0,9.2,Roermond,
318,318,B&B De Hofnar Roermond,Roermond,Standard Twin Room,"₹ 8,573",509.0,9.1,Roermond,
319,319,Grand Hotel Valies,Roermond,Comfort Triple Room with Shower,"₹ 13,389",3288.0,9.1,Roermond,
320,320,Het Arresthuis,Roermond,Comfort Double Room,"₹ 15,839",500.0,9.4,Roermond,
321,321,Kasteeltje Hattem,Roermond,Junior Suite,"₹ 16,247",240.0,9.3,Roermond,
322,322,Hotel Dux,Roermond,Executive Double Room,"₹ 16,655",1232.0,9.2,Roermond,
323,323,Hotel Restaurant Café Parkzicht,Roermond,Double Room,"₹ 6,662",694.0,8.9,Roermond,
324,324,B&B Willem II,Roermond,Twin Room with Private Bathroom,"₹ 8,613",1118.0,8.8,Roermond,
325,325,BBDeStaete,Roermond,King Room with Balcony,"₹ 9,924",107.0,8.8,Roermond,
326,326,Nero Office Hotel & City Café,Roermond,Standard Double or Twin Room,"₹ 10,306",507.0,8.5,Roermond,
327,327,De Oolderhof,Roermond,Junior Suite,"₹ 10,777",992.0,8.7,Roermond,
328,328,Hotel Roermond,Roermond,Suite,"₹ 12,655",3272.0,8.7,Roermond,
329,329,Hotel en Grand Café De Pauw,Roermond,Standard Double Room,"₹ 7,756",765.0,8.0,Roermond,
330,330,Hotel Roermond Next Door,Roermond,Comfort Twin Room,"₹ 7,756",1088.0,8.0,Roermond,
331,331,Hotel de Abdij,Roermond,Triple Room,"₹ 11,838",846.0,8.1,Roermond,
332,332,Van der Valk TheaterHotel De Oranjerie,Roermond,Comfort Double or Twin Room,"₹ 13,716",500.0,8.3,Roermond,
333,333,De Roermondse beleving,Roermond,Twin Room with Shower,"₹ 6,565",500.0,7.7,Roermond,
334,334,Hotel Asselt,Roermond,Standard Twin Room,"₹ 8,409",782.0,7.4,Roermond,
335,335,Fletcher Landhotel Bosrijk Roermond,Roermond,Small Double Room,"₹ 8,491",942.0,6.5,Roermond,
336,336,Bed and Breakfast Rotterdam,"Delfshaven, Rotterdam",Double Room with Private External Bathroom,"₹ 6,794",244.0,9.1,Delfshaven, Rotterdam
337,337,Hotel âme,"Centrum, Rotterdam",Small Basic Room,"₹ 8,862",167.0,9.1,Centrum, Rotterdam
338,338,Suitehotel Pincoffs,"Feijenoord, Rotterdam",Double Room with Mezzanine,"₹ 10,781",500.0,9.0,Feijenoord, Rotterdam
339,339,"Bed, Bites & Business Hotel Rotterdam","Feijenoord, Rotterdam",Double Room with Balcony,"₹ 12,854",500.0,9.2,Feijenoord, Rotterdam
340,340,Sparks Hostel,"Centrum, Rotterdam",Comfort Quadruple Room,"₹ 15,186",1635.0,9.0,Centrum, Rotterdam
341,341,Wikkelboat Nr1 at Floating Rotterdam Rijnhaven,"Feijenoord, Rotterdam",Two-Bedroom House,"₹ 19,542",500.0,9.2,Feijenoord, Rotterdam
342,342,Wikkelboat Nr5 at Floating Rotterdam Rijnhaven,"Feijenoord, Rotterdam",Three-Bedroom House,"₹ 36,489",500.0,9.0,Feijenoord, Rotterdam
343,343,CityHub Rotterdam,"Centrum, Rotterdam",Hub,"₹ 5,925",500.0,8.8,Centrum, Rotterdam
344,344,B&B Unitas,"Feijenoord, Rotterdam",Standard Twin Room,"₹ 6,260",184.0,8.8,Feijenoord, Rotterdam
345,345,The James Rotterdam,"Centrum, Rotterdam",Economy Double Room,"₹ 7,058",6631.0,8.8,Centrum, Rotterdam
346,346,Room Mate Bruno,"Feijenoord, Rotterdam",Basic Room Double or Twin Room,"₹ 8,370",500.0,8.7,Feijenoord, Rotterdam
347,347,Savoy Hotel Rotterdam,"Centrum, Rotterdam",Double Room,"₹ 8,706",500.0,8.5,Centrum, Rotterdam
348,348,Hotel New York,"Feijenoord, Rotterdam",Double Room with Courtyard View,"₹ 9,542",500.0,8.7,Feijenoord, Rotterdam
349,349,Supernova Hotel,"Centrum, Rotterdam",Standard Double Room,"₹ 9,675",1000.0,8.9,Centrum, Rotterdam
350,350,Hotel Unplugged,"Centrum, Rotterdam",Standard Double Room,"₹ 10,532",1723.0,8.5,Centrum, Rotterdam
351,351,"The Slaak Rotterdam, a Tribute Portfolio Hotel","Kralingen-Crooswijk, Rotterdam",Standard King Room,"₹ 11,034",1036.0,8.7,Kralingen-Crooswijk, Rotterdam
352,352,citizenM Rotterdam,"Centrum, Rotterdam",King Room,"₹ 11,348",500.0,8.8,Centrum, Rotterdam
353,353,PREMIER SUITES PLUS Rotterdam,"Centrum, Rotterdam",One-Bedroom Apartment,"₹ 11,597",500.0,8.9,Centrum, Rotterdam
354,354,Hotel Van Walsum,"Centrum, Rotterdam",Comfort Double or Twin Room,"₹ 11,757",500.0,8.5,Centrum, Rotterdam
355,355,Hostel ROOM Rotterdam,"Centrum, Rotterdam",Family Room with Balcony and Shared Bathroom,"₹ 13,722",1360.0,8.5,Centrum, Rotterdam
356,356,Boathotel Rotterdam Wilhelmina,"Centrum, Rotterdam",Apartment,"₹ 27,481",22.0,8.6,Centrum, Rotterdam
357,357,The Student Hotel Rotterdam,"Kralingen-Crooswijk, Rotterdam",Standard Double,"₹ 5,486",500.0,8.3,Kralingen-Crooswijk, Rotterdam
358,358,Hotel Breitner,"Centrum, Rotterdam",Standard Double Room,"₹ 5,573",500.0,8.3,Centrum, Rotterdam
359,359,ss Rotterdam Hotel en Restaurants,"Feijenoord, Rotterdam",Twin Standard,"₹ 6,539",500.0,8.3,Feijenoord, Rotterdam
360,360,Stayokay Hostel Rotterdam,"Centrum, Rotterdam",Twin Room with Private Bathroom and Shower,"₹ 7,558",500.0,8.0,Centrum, Rotterdam
361,361,Boulevard Hotel Scheveningen,Scheveningen,Comfort Twin Room with Shower,"₹ 12,042",1586.0,8.6,Scheveningen,
362,362,Ramada The Hague Scheveningen,Scheveningen,Standard Twin Room,"₹ 12,900",500.0,8.5,Scheveningen,
363,363,Aquarius Hotel,Scheveningen,Comfort Double Room,"₹ 13,063",2458.0,8.5,Scheveningen,
364,364,Hotel De Stern,Scheveningen,Budget Double Room,"₹ 10,614",550.0,8.3,Scheveningen,
365,365,Fletcher Hotel-Restaurant Scheveningen,Scheveningen,Double Room,"₹ 11,757",937.0,8.0,Scheveningen,
366,366,limehome Den Haag Keizerstraat,Scheveningen,Suite,"₹ 12,573",500.0,8.4,Scheveningen,
367,367,Inntel Hotels Den Haag Marina Beach,Scheveningen,City Twin Room,"₹ 13,063",1801.0,8.1,Scheveningen,
368,368,De Pier Suites,Scheveningen,Penthouse Room with Beach View,"₹ 16,084",1567.0,8.4,Scheveningen,
369,369,Sea Breeze loft apartment II,Scheveningen,One-Bedroom Apartment,"₹ 21,962",22.0,8.3,Scheveningen,
370,370,easyHotel The Hague Scheveningen Beach,Scheveningen,Standard Double Room,"₹ 8,491",3724.0,7.6,Scheveningen,
371,371,Badhotel Scheveningen,Scheveningen,Standard Twin Room,"₹ 10,042",3750.0,7.6,Scheveningen,
372,372,Carlton Beach,Scheveningen,Double Room with Balcony,"₹ 12,410",500.0,7.7,Scheveningen,
373,373,Jordans Residence,Scheveningen,Studio with Sea View,"₹ 14,777",610.0,7.6,Scheveningen,
374,374,Hotel Albion,Scheveningen,Deluxe Twin Room,"₹ 19,472",324.0,7.6,Scheveningen,
375,375,Hotel Andante aan Zee,Scheveningen,Double Room,"₹ 9,405",4276.0,7.2,Scheveningen,
376,376,ibis Styles Den Haag Scheveningen,Scheveningen,Standard Room,"₹ 10,532",1218.0,7.4,Scheveningen,
377,377,Bilderberg Europa Hotel Scheveningen,Scheveningen,Comfort Double Room,"₹ 12,165",500.0,7.1,Scheveningen,
378,378,Hotel 't Sonnehuys,Scheveningen,Double Room,"₹ 13,961",247.0,7.2,Scheveningen,
379,379,Grand Hotel Amrâth Kurhaus The Hague Scheveningen,Scheveningen,Superior Double Room,"₹ 15,680",7748.0,7.2,Scheveningen,
380,380,Hotel 't Witte Huys Scheveningen,Scheveningen,Double Room,"₹ 15,022",758.0,6.6,Scheveningen,
381,381,New City Hotel Scheveningen,Scheveningen,Standard Double Room,"₹ 9,797",1149.0,6.2,Scheveningen,
382,382,Ben's Boutique Hotel,Scheveningen,Standard Double Room,"₹ 10,695",91.0,6.4,Scheveningen,
383,383,Slapen onder de Dom,"City Centre, Utrecht",Deluxe Double Room,"₹ 12,246",136.0,9.3,City Centre, Utrecht
384,384,Logement Swaenenvecht,Utrecht,Deluxe Double Room,"₹ 11,838",425.0,9.0,Utrecht,
385,385,Werfkelder aan de Oudegracht,"City Centre, Utrecht",Apartment,"₹ 13,308",500.0,9.3,City Centre, Utrecht
386,386,Logement Petit Beijers,"City Centre, Utrecht",Superior Double Room,"₹ 12,736",362.0,9.4,City Centre, Utrecht
387,387,MUZE Hotel Utrecht,"City Centre, Utrecht",Deluxe Double Room with Bath,"₹ 13,471",418.0,9.3,City Centre, Utrecht
388,388,The Nox Hotel,"City Centre, Utrecht",Small Double Room,"₹ 13,471",351.0,9.0,City Centre, Utrecht
389,389,Hotel Beijers,"City Centre, Utrecht",Standard Double Room,"₹ 14,696",724.0,9.2,City Centre, Utrecht
390,390,Stayokay Hostel Utrecht Centrum,"City Centre, Utrecht",Comfort Double with Private Bathroom and Shower,"₹ 9,307",500.0,8.5,City Centre, Utrecht
391,391,Eye Hotel,"City Centre, Utrecht",Small Double Room,"₹ 10,936",500.0,8.7,City Centre, Utrecht
392,392,Van der Valk Hotel Utrecht,"Zuidwest, Utrecht",Comfort Double Room,"₹ 11,226",500.0,8.6,Zuidwest, Utrecht
393,393,Inntel Hotels Utrecht Centre,"City Centre, Utrecht",City Double Room,"₹ 11,757",3803.0,8.5,City Centre, Utrecht
394,394,The Hunfeld,"City Centre, Utrecht",Small Double Room,"₹ 11,906",903.0,8.7,City Centre, Utrecht
395,395,Brass,"City Centre, Utrecht",Superior King Room,"₹ 13,167",508.0,8.6,City Centre, Utrecht
396,396,Mother Goose Hotel,"City Centre, Utrecht",Small Double Room,"₹ 13,798",500.0,8.9,City Centre, Utrecht
397,397,Hotel Simple,"City Centre, Utrecht",Deluxe Suite,"₹ 13,226",787.0,8.7,City Centre, Utrecht
398,398,B&B Utrecht Domkwartier,"City Centre, Utrecht",Large Double Room,"₹ 14,461",241.0,8.7,City Centre, Utrecht
399,399,Hotel Museumkwartier Utrecht,"City Centre, Utrecht",Twin Room with City View,"₹ 14,614",656.0,8.8,City Centre, Utrecht
400,400,Grand Hotel Karel V,"City Centre, Utrecht",Standard Double or Twin Room,"₹ 15,597",500.0,8.9,City Centre, Utrecht
401,401,Strowis Hostel,"City Centre, Utrecht",Standard Twin Room with Shared Bathroom,"₹ 7,772",555.0,8.2,City Centre, Utrecht
402,402,Carlton President,"West, Utrecht",Standard Twin Room,"₹ 9,552",500.0,8.4,West, Utrecht
403,403,Moxy Utrecht,"Zuid, Utrecht",Queen Room,"₹ 9,079",895.0,8.4,Zuid, Utrecht
404,404,BUNK Hotel Utrecht,"City Centre, Utrecht",Bunk Room,"₹ 9,797",3250.0,8.4,City Centre, Utrecht
405,405,City Center Lodge Utrecht,Utrecht,bunk,"₹ 10,205",265.0,8.2,Utrecht,
406,406,Hotel Mitland,"Noordoost, Utrecht",Deluxe Double Room Ground Floor,"₹ 10,836",500.0,8.3,Noordoost, Utrecht
407,407,Hampton By Hilton Utrecht Centraal Station,"City Centre, Utrecht",Queen Room,"₹ 11,430",500.0,8.4,City Centre, Utrecht
408,408,Vakantiewoning Valkenburg,Valkenburg,Two-Bedroom Apartment,"₹ 10,369",500.0,9.2,Valkenburg,
409,409,Appartementen Leonardus,Valkenburg,One-Bedroom Apartment,"₹ 11,348",612.0,9.1,Valkenburg,
410,410,Villa R einald,Valkenburg,Deluxe King Room,"₹ 13,838",22.0,9.1,Valkenburg,
411,411,Pension Auberge de Dael,Valkenburg,Double Room with Private Bathroom,"₹ 8,899",556.0,8.5,Valkenburg,
412,412,Hotel De Wilde Kriek - before De Karsteboom,Valkenburg,Small Double Room,"₹ 9,797",524.0,8.6,Valkenburg,
413,413,Boutique Hotel Scheepers,Valkenburg,Economy Double Room,"₹ 13,838",1125.0,8.6,Valkenburg,
414,414,De Heek,Valkenburg,Comfort Double Room with Shower,"₹ 15,675",346.0,8.6,Valkenburg,
415,415,Château St. Gerlach,Valkenburg,One-Bedroom Apartment,"₹ 25,228",500.0,8.6,Valkenburg,
416,416,Huis Ter Geul,Valkenburg,Double Room,"₹ 7,838",500.0,8.1,Valkenburg,
417,417,Hotel Valkenburg by Mercure,Valkenburg,Comfort Double Room,"₹ 10,287",2760.0,8.1,Valkenburg,
418,418,Hotel Hulsman,Valkenburg,Standard Double Room with Rain Shower,"₹ 11,022",993.0,8.4,Valkenburg,
419,419,Hampshire Hotel – Voncken Valkenburg,Valkenburg,Double Room,"₹ 14,696",753.0,8.0,Valkenburg,
420,420,Hotel Lahaye,Valkenburg,Standard Double Room with Shared Bathroom,"₹ 4,490",903.0,7.7,Valkenburg,
421,421,Grand Hotel Monopole,Valkenburg,Comfort Double Room,"₹ 7,348",988.0,7.9,Valkenburg,
422,422,Dormio Wijnhotel Valkenburg,Valkenburg,Standard Queen Room,"₹ 8,083",739.0,7.6,Valkenburg,
423,423,Hotel Dupuis,Valkenburg,Quadruple Room with Bunk Beds and Shared Bathroom,"₹ 10,695",611.0,7.9,Valkenburg,
424,424,Mimosa Hotel,Valkenburg,Standard Double Room with Shared Bathroom,"₹ 10,777",542.0,7.6,Valkenburg,
425,425,Hotel de L'Empereur,Valkenburg,Standard Double Room,"₹ 11,838",38.0,7.9,Valkenburg,
426,426,Atlas Hotel,Valkenburg,Classic Double Room,"₹ 13,063",2102.0,7.8,Valkenburg,
427,427,Hotel La Casa,Valkenburg,Family Room,"₹ 14,892",827.0,7.8,Valkenburg,
428,428,Hotel Atlanta,Valkenburg,Standard Double Room,"₹ 16,818",1355.0,7.9,Valkenburg,
429,429,Parkhotel Valkenburg,Valkenburg,Standard Double Room,"₹ 19,908",500.0,7.8,Valkenburg,
430,430,Hotel Rido,Valkenburg,Twin Room with Shared Bathroom,"₹ 5,715",241.0,7.3,Valkenburg,
431,431,Hotel Schaepkens van St Fijt,Valkenburg,Standard Double Room,"₹ 13,961",500.0,7.0,Valkenburg,
432,432,Hotel Gaudi,Valkenburg,Budget Double Room with Shared Bathroom,"₹ 8,368",386.0,6.8,Valkenburg,
433,433,Zeilschip Lucia,Vlissingen,Mobile Home,"₹ 17,635",5.0,9.6,Vlissingen,
434,434,De Gevangentoren Suite,Vlissingen,Deluxe Suite with Sea View,"₹ 33,624",172.0,9.5,Vlissingen,
435,435,Westerschelde B&B,Vlissingen,Double Room with Balcony (2 Adults + 1 Child),"₹ 8,151",500.0,9.2,Vlissingen,
436,436,Anna van Chiel,Vlissingen,Junior Suite,"₹ 12,619",43.0,9.3,Vlissingen,
437,437,Hotel de Timmerfabriek I Kloeg Collection,Vlissingen,Court Lodge,"₹ 13,052",500.0,8.6,Vlissingen,
438,438,La vie Est Belle Vlissingen,Vlissingen,Two-Bedroom Chalet,"₹ 14,813",500.0,8.7,Vlissingen,
439,439,"Rijksmonument Havenzicht, met zeezicht, ligging direct aan zee en centrum",Vlissingen,Six-Bedroom House,"₹ 32,135",,8.5,Vlissingen,
440,440,Bed & Breakfast House of Grace,Vlissingen,Double Room with Private Bathroom,"₹ 8,817",13.0,8.4,Vlissingen,
441,441,Boutique Hotel Lupo,Vlissingen,Small Double Room,"₹ 11,348",431.0,8.4,Vlissingen,
442,442,Belgische Loodsensociëteit,Vlissingen,Double Room with City View,"₹ 11,561",500.0,8.0,Vlissingen,
443,443,Mo's place,Vlissingen,One-Bedroom Apartment,"₹ 12,462",21.0,8.0,Vlissingen,
444,444,Fletcher Hotel-Restaurant Arion-Vlissingen,Vlissingen,Deluxe Double Room,"₹ 17,063",2958.0,8.0,Vlissingen,
445,445,"Appartement Havenzicht, gelegen aan zee met zeezicht",Vlissingen,Apartment with Sea View,"₹ 25,081",,8.2,Vlissingen,
446,446,Stad & Strandhotel Elisabeth,Vlissingen,Double Room with Private External Bathroom,"₹ 8,935",913.0,7.7,Vlissingen,
447,447,Hotel Restaurant Piccard,Vlissingen,Standard Double Room (Pets not Allowed),"₹ 10,424",784.0,7.6,Vlissingen,
448,448,Stadshotel Vlissingen,Vlissingen,Standard Double Room,"₹ 10,654",345.0,7.7,Vlissingen,
449,449,Hotelboot Koningin Emma I Kloeg Collection,Vlissingen,Deluxe Room,"₹ 12,889",500.0,7.5,Vlissingen,
450,450,Hotel Truida,Vlissingen,Twin Room with City View (Elevator access),"₹ 13,879",658.0,7.7,Vlissingen,
451,451,B&B by the C,Vlissingen,Deluxe King Room,"₹ 8,112",78.0,7.3,Vlissingen,
452,452,City Hostel Vlissingen,Vlissingen,Comfort Quadruple Room,"₹ 12,697",573.0,7.3,Vlissingen,
453,453,City2Beach Hotel,Vlissingen,Comfort Twin Room,"₹ 14,108",754.0,7.3,Vlissingen,
454,454,Bed & Breakfast Vlissingen,Vlissingen,Double Room with Shared Bathroom,"₹ 5,142",1167.0,6.9,Vlissingen,
455,455,Uniek verblijf aan zee,Vlissingen,Caravan,"₹ 9,876",15.0,6.9,Vlissingen,
456,456,Hotel De Leugenaar,Vlissingen,Twin Room with City View,"₹ 11,757",715.0,6.9,Vlissingen,
457,457,Cosy sailingboat in Vlissingen,Vlissingen,Mobile Home,"₹ 9,797",6.0,3.7,Vlissingen,
458,458,2-persoons Hotellodge,Voorthuizen,One-Bedroom Apartment,"₹ 10,614",3.0,9.0,Voorthuizen,
459,459,The Black Oak - Luxe bungalow met prive sauna,Voorthuizen,Two-Bedroom House,"₹ 17,635",27.0,9.4,Voorthuizen,
460,460,Bunckman 10 pers. bungalow,Voorthuizen,Five-Bedroom Apartment,"₹ 24,411",18.0,8.5,Voorthuizen,
461,461,Voorde 16 pers. bungalow,Voorthuizen,Eight-Bedroom Apartment,"₹ 44,087",2.0,8.5,Voorthuizen,
462,462,Hotel de Boshoek,Voorthuizen,Twin Room with Private Bathroom,"₹ 8,501",567.0,8.5,Voorthuizen,
463,463,Studio Recreatiepark De Boshoek-5,Voorthuizen,Studio,"₹ 7,593",3.0,8.3,Voorthuizen,
464,464,Studio Recreatiepark De Boshoek-2,Voorthuizen,Studio,"₹ 7,593",8.0,8.4,Voorthuizen,
465,465,Studio Recreatiepark De Boshoek-4,Voorthuizen,Studio,"₹ 7,593",1.0,8.0,Voorthuizen,
466,466,Ruim en fris chalet aan de bosrand,Voorthuizen,Two-Bedroom Chalet,"₹ 7,446",1.0,8.0,Voorthuizen,
467,467,4 pers. Veluwelodge met Sauna,Voorthuizen,Two-Bedroom Apartment,"₹ 12,736",1.0,8.0,Voorthuizen,
468,468,Landgoed De Ijsvogel,Voorthuizen,Double Room,"₹ 15,024",500.0,8.0,Voorthuizen,
469,469,2 2-persoons Hotel kamer,Voorthuizen,Two-Bedroom Apartment,"₹ 18,288",1.0,8.0,Voorthuizen,
470,470,Studio Recreatiepark De Boshoek-6,Voorthuizen,Studio,"₹ 7,593",3.0,7.7,Voorthuizen,
471,471,6-persoons Veluwe Villa,Voorthuizen,Three-Bedroom Villa,"₹ 12,900",4.0,7.8,Voorthuizen,
472,472,Wellness Lodges x De IJsvogel,Voorthuizen,One-Bedroom House,"₹ 31,083",500.0,7.5,Voorthuizen,
473,473,Recreatiepark de Boshoek,Voorthuizen,Two-Bedroom Chalet,"₹ 18,960",24.0,7.2,Voorthuizen,
474,474,Studio Recreatiepark De Boshoek-3,Voorthuizen,Studio,"₹ 7,593",,,Voorthuizen,
475,475,4 pers. Veluwelodge,Voorthuizen,Two-Bedroom Apartment,"₹ 10,940",,,Voorthuizen,
476,476,Heuveltjes 4 pers. bungalow,Voorthuizen,Two-Bedroom Apartment,"₹ 11,348",,,Voorthuizen,
477,477,4 pers. Veluwelounge,Voorthuizen,Two-Bedroom Apartment,"₹ 11,430",,,Voorthuizen,
478,478,6-persoons Veluwelodge XL,Voorthuizen,Three-Bedroom Apartment,"₹ 11,512",,,Voorthuizen,
479,479,6-persoons Familielodge,Voorthuizen,Three-Bedroom House,"₹ 11,838",,,Voorthuizen,
480,480,Zeumeren 6 pers. bungalow,Voorthuizen,Three-Bedroom Apartment,"₹ 13,716",,,Voorthuizen,
481,481,6 pers. Veluwelodge XL met Sauna,Voorthuizen,Three-Bedroom Apartment,"₹ 13,961",,,Voorthuizen,
482,482,6-person Veluwe Villa - copy -,Voorthuizen,Three-Bedroom House,"₹ 15,104",,,Voorthuizen,
483,483,Pension Sixtysix,Zandvoort,Deluxe Studio,"₹ 8,588",262.0,9.1,Zandvoort,
484,484,Queens Romantic Beachhouse,Zandvoort,One-Bedroom Apartment,"₹ 10,478",41.0,9.1,Zandvoort,
485,485,Beach&Dunes Studio,Zandvoort,Studio Apartment,"₹ 14,037",49.0,9.1,Zandvoort,
486,486,Het Lichthuis,Zandvoort,One-Bedroom Apartment,"₹ 16,288",500.0,9.0,Zandvoort,
487,487,Boutique Hotel LE•BAR,Zandvoort,Deluxe King Studio,"₹ 17,276",15.0,9.1,Zandvoort,
488,488,BUDDHA BEACH BUNGALOWS Adults Only,Zandvoort,One-Bedroom Chalet,"₹ 27,470",500.0,9.1,Zandvoort,
489,489,Queens Beachhouse,Zandvoort,One-Bedroom Apartment,"₹ 9,802",74.0,8.9,Zandvoort,
490,490,Studio Wijkhuizen,Zandvoort,Twin Room with Private Bathroom,"₹ 10,140",122.0,8.7,Zandvoort,
491,491,Hotel At Sea,Zandvoort,Double Room with Terrace,"₹ 13,896",500.0,8.9,Zandvoort,
492,492,STRAND 21 hotelchalets,Zandvoort,Superior Family Room with Sea View,"₹ 18,778",625.0,8.9,Zandvoort,
493,493,Boutique hotel Margretha,Zandvoort,Superior Suite,"₹ 18,928",500.0,8.8,Zandvoort,
494,494,Amsterdam Beach Hotel,Zandvoort,Double Room,"₹ 13,295",1415.0,8.0,Zandvoort,
495,495,Hotel Paradis,Zandvoort,Standard Double or Twin Room with Balcony,"₹ 14,955",500.0,8.2,Zandvoort,
496,496,Hofje van Maas,Zandvoort,Small Double Room,"₹ 9,065",208.0,7.9,Zandvoort,
497,497,Zaras Studios,Zandvoort,Queen Studio,"₹ 10,464",85.0,7.8,Zandvoort,
498,498,Beachhotel Zandvoort by Center Parcs,Zandvoort,2-person Premium Hotelroom,"₹ 12,165",4375.0,7.8,Zandvoort,
499,499,Hotel Zeespiegel,Zandvoort,Double Room,"₹ 9,797",2019.0,7.1,Zandvoort,
500,500,Palace Hotel Zandvoort,Zandvoort,Twin room-Landside,"₹ 15,989",660.0,7.2,Zandvoort,
501,501,Hotel Doppenberg,Zandvoort,Junior Suite with Balcony,"₹ 17,488",605.0,7.3,Zandvoort,
502,502,budget rooms Doppenberg,Zandvoort,Budget Twin Room,"₹ 10,762",220.0,6.8,Zandvoort,
503,503,Pension Marco,Zandvoort,Double Room with Shared Bathroom,"₹ 8,230",182.0,6.2,Zandvoort,
504,504,De Langenlee,Zwolle,Double Room with Private Bathroom,"₹ 8,164",229.0,9.4,Zwolle,
505,505,De Pelsertoren,Zwolle,Suite,"₹ 9,797",712.0,9.0,Zwolle,
506,506,Pillows Grand Boutique Hotel Ter Borch Zwolle,Zwolle,Deluxe Room,"₹ 14,288",916.0,9.1,Zwolle,
507,507,Librije's Hotel,Zwolle,Junior Suite,"₹ 26,126",71.0,9.1,Zwolle,
508,508,Thorbecke Canal View,Zwolle,Superior Twin Room with City View,"₹ 8,981",236.0,8.5,Zwolle,
509,509,B&B In de Kromme Jak,Zwolle,Double or Twin Room,"₹ 9,307",349.0,8.5,Zwolle,
510,510,Hotel Lumen Zwolle,Zwolle,Comfort Double or Twin Room,"₹ 9,797",2931.0,8.5,Zwolle,
511,511,Bilderberg Grand Hotel Wientjes,Zwolle,Classic Double Room,"₹ 10,614",500.0,8.5,Zwolle,
512,512,Apart! Food & Drinks Apartments,Zwolle,Deluxe Double Room,"₹ 11,348",532.0,8.8,Zwolle,
513,513,Van Der Valk Hotel Zwolle,Zwolle,Comfort Twin Room,"₹ 11,430",787.0,8.7,Zwolle,
514,514,Bnb de rode kamer,Zwolle,Double Room with Shared Bathroom,"₹ 6,123",43.0,8.0,Zwolle,
515,515,Bed & Breakfast 'Aan de IJssel',Zwolle,Double Room with Shared Shower and Toilet,"₹ 6,531",142.0,8.3,Zwolle,
516,516,B&B de Luwte Cottage,Zwolle,Comfort Double Room,"₹ 7,266",151.0,8.1,Zwolle,
517,517,Hotel Oldenburg,Zwolle,Standard Double Room with External Toilet,"₹ 7,348",422.0,8.1,Zwolle,
518,518,Hotel Fidder - Patrick's Whisky Bar,Zwolle,Twin Room,"₹ 7,838",1537.0,8.2,Zwolle,
519,519,Buitenplaats de Luwte,Zwolle,Deluxe Twin Room,"₹ 8,532",316.0,8.2,Zwolle,
520,520,Stadslogement Bij de Sassenpoort,Zwolle,Superior Apartment,"₹ 8,899",232.0,8.4,Zwolle,
521,521,Mercure Hotel Zwolle,Zwolle,Standard Double Room,"₹ 10,205",1402.0,7.7,Zwolle,
522,522,The Cabin at Zwolle Centraal,Zwolle,Double Room with Private Bathroom,"₹ 6,123",149.0,7.2,Zwolle,
523,523,Hanze Hotel Zwolle,Zwolle,Standard Twin Room,"₹ 7,789",1095.0,7.2,Zwolle,
524,524,Campanile Hotel & Restaurant Zwolle,Zwolle,Double Room,"₹ 6,870",2071.0,6.4,Zwolle,
